e1fb33,127.0.0.1,GET,http://geosignal.dev/index_dev.php/,1440212505,,200
90fd78,127.0.0.1,GET,http://geosignal.dev/index_dev.php/,1440212946,,200
208c76,127.0.0.1,GET,http://geosignal.dev/index_dev.php/,1440213108,,200
94900f,127.0.0.1,GET,http://geosignal.dev/index_dev.php/,1440213924,,200
72b78c,127.0.0.1,GET,http://geosignal.dev/index_dev.php/,1440215534,,200
1e1004,127.0.0.1,GET,http://spray-studio.dev/index_dev.php/,1440218378,,200
ec1f77,127.0.0.1,GET,http://geosignal.dev/index_dev.php/,1441665086,,200
d3e4b1,127.0.0.1,GET,http://geosignal.dev/index_dev.php/,1441729892,,200
511acf,127.0.0.1,GET,http://geosignal.dev/index_dev.php/,1441733393,,200
0e8a1d,127.0.0.1,GET,http://geosignal.dev/index_dev.php/,1441734081,,200
e76d2d,127.0.0.1,GET,http://geosignal.dev/index_dev.php/,1441734410,,200
596197,127.0.0.1,GET,http://geosignal.dev/index_dev.php/,1441734540,,200
5871d8,127.0.0.1,GET,http://geosignal.dev/index_dev.php/,1441734695,,200
022f5c,127.0.0.1,GET,http://geosignal.dev/index_dev.php/,1441734827,,200
90e100,127.0.0.1,GET,http://geosignal.dev/index_dev.php/,1441735280,,200
4a9687,127.0.0.1,GET,http://geosignal.dev/index_dev.php/,1441735605,,200
64a513,127.0.0.1,GET,http://geosignal.dev/index_dev.php/,1441735847,,200
125c4d,127.0.0.1,GET,http://geosignal.dev/index_dev.php/,1441735980,,200
bb602e,127.0.0.1,GET,http://geosignal.dev/index_dev.php/,1441736210,,200
c37287,127.0.0.1,GET,http://geosignal.dev/index_dev.php/,1441736515,,200
3430a3,127.0.0.1,GET,http://geosignal.dev/index_dev.php/,1441736663,,200
0b03a7,127.0.0.1,GET,http://geosignal.dev/index_dev.php/,1441736880,,200
c4884d,127.0.0.1,GET,http://geosignal.dev/index_dev.php/,1441736989,,200
ebbe9e,127.0.0.1,GET,http://geosignal.dev/index_dev.php/,1441737420,,200
fdee91,127.0.0.1,GET,http://geosignal.dev/index_dev.php/,1441737966,,200
054310,127.0.0.1,GET,http://geosignal.dev/index_dev.php/,1441738515,,200
bfdd68,127.0.0.1,GET,http://geosignal.dev/index_dev.php/,1441738641,,200
5989bb,127.0.0.1,GET,http://geosignal.dev/index_dev.php/,1441739327,,200
ec9a08,127.0.0.1,GET,http://geosignal.dev/index_dev.php/,1441739428,,200
d9e5bc,127.0.0.1,GET,http://geosignal.dev/index_dev.php/,1441739521,,200
73af66,127.0.0.1,GET,http://geosignal.dev/index_dev.php/,1441740002,,200
e8de2d,127.0.0.1,GET,http://geosignal.dev/index_dev.php/,1441740296,,200
55000f,127.0.0.1,GET,http://geosignal.dev/index_dev.php/,1441740354,,200
ccccdc,127.0.0.1,GET,http://geosignal.dev/index_dev.php/,1441740861,,200
4b1756,127.0.0.1,GET,http://geosignal.dev/index_dev.php/,1441741088,,200
4d2bf9,127.0.0.1,GET,http://geosignal.dev/index_dev.php/,1441741143,,200
d0d0f2,127.0.0.1,GET,http://geosignal.dev/index_dev.php/,1446069537,,200
